{"images": [{"file_name": "vis_2_1_51.jpg", "id": 1}, {"file_name": "vis_1_1_30.jpg", "id": 1}, {"file_name": "vis_5_1_36.jpg", "id": 1}, {"file_name": "vis_5_1_42.jpg", "id": 1}, {"file_name": "vis_2_2_44.jpg", "id": 1}, {"file_name": "vis_2_1_41.jpg", "id": 1}, {"file_name": "vis_2_2_41.jpg", "id": 1}, {"file_name": "vis_5_1_39.jpg", "id": 1}, {"file_name": "vis_2_2_35.jpg", "id": 1}, {"file_name": "vis_2_2_59.jpg", "id": 1}, {"file_name": "vis_3_2_51.jpg", "id": 1}, {"file_name": "vis_2_2_38.jpg", "id": 1}, {"file_name": "vis_5_1_31.jpg", "id": 1}, {"file_name": "vis_2_1_45.jpg", "id": 1}, {"file_name": "vis_5_1_43.jpg", "id": 1}, {"file_name": "vis_2_1_47.jpg", "id": 1}, {"file_name": "vis_2_1_56.jpg", "id": 1}, {"file_name": "vis_3_2_46.jpg", "id": 1}, {"file_name": "vis_1_1_52.jpg", "id": 1}, {"file_name": "vis_1_1_53.jpg", "id": 1}, {"file_name": "vis_2_2_33.jpg", "id": 1}, {"file_name": "vis_5_1_46.jpg", "id": 1}, {"file_name": "vis_1_1_41.jpg", "id": 1}, {"file_name": "vis_2_1_50.jpg", "id": 1}, {"file_name": "vis_5_1_30.jpg", "id": 1}, {"file_name": "vis_1_1_35.jpg", "id": 1}, {"file_name": "vis_1_1_40.jpg", "id": 1}, {"file_name": "vis_2_2_46.jpg", "id": 1}, {"file_name": "vis_2_1_57.jpg", "id": 1}, {"file_name": "vis_3_2_34.jpg", "id": 1}, {"file_name": "vis_2_2_40.jpg", "id": 1}, {"file_name": "vis_5_1_52.jpg", "id": 1}, {"file_name": "vis_2_2_36.jpg", "id": 1}, {"file_name": "vis_2_1_55.jpg", "id": 1}, {"file_name": "vis_3_2_35.jpg", "id": 1}, {"file_name": "vis_2_2_48.jpg", "id": 1}, {"file_name": "vis_3_2_31.jpg", "id": 1}, {"file_name": "vis_2_2_30.jpg", "id": 1}, {"file_name": "vis_3_2_54.jpg", "id": 1}, {"file_name": "vis_3_2_52.jpg", "id": 1}, {"file_name": "vis_2_1_32.jpg", "id": 1}, {"file_name": "vis_2_2_54.jpg", "id": 1}, {"file_name": "vis_1_1_54.jpg", "id": 1}, {"file_name": "vis_2_2_58.jpg", "id": 1}, {"file_name": "vis_1_1_51.jpg", "id": 1}, {"file_name": "vis_2_1_40.jpg", "id": 1}, {"file_name": "vis_2_2_37.jpg", "id": 1}, {"file_name": "vis_5_1_37.jpg", "id": 1}, {"file_name": "vis_3_2_45.jpg", "id": 1}, {"file_name": "vis_1_1_56.jpg", "id": 1}, {"file_name": "vis_5_1_47.jpg", "id": 1}, {"file_name": "vis_5_1_38.jpg", "id": 1}, {"file_name": "vis_1_1_59.jpg", "id": 1}, {"file_name": "vis_2_2_51.jpg", "id": 1}, {"file_name": "vis_2_2_49.jpg", "id": 1}, {"file_name": "vis_3_2_30.jpg", "id": 1}, {"file_name": "vis_1_1_34.jpg", "id": 1}, {"file_name": "vis_5_1_44.jpg", "id": 1}, {"file_name": "vis_3_2_33.jpg", "id": 1}, {"file_name": "vis_1_1_38.jpg", "id": 1}, {"file_name": "vis_5_1_45.jpg", "id": 1}, {"file_name": "vis_2_1_53.jpg", "id": 1}, {"file_name": "vis_1_1_57.jpg", "id": 1}, {"file_name": "vis_3_2_37.jpg", "id": 1}, {"file_name": "vis_3_2_57.jpg", "id": 1}, {"file_name": "vis_1_1_55.jpg", "id": 1}, {"file_name": "vis_2_2_50.jpg", "id": 1}, {"file_name": "vis_1_1_46.jpg", "id": 1}, {"file_name": "vis_1_1_42.jpg", "id": 1}, {"file_name": "vis_5_1_53.jpg", "id": 1}, {"file_name": "vis_2_1_54.jpg", "id": 1}, {"file_name": "vis_2_2_56.jpg", "id": 1}, {"file_name": "vis_3_2_48.jpg", "id": 1}, {"file_name": "vis_3_2_49.jpg", "id": 1}, {"file_name": "vis_5_1_34.jpg", "id": 1}, {"file_name": "vis_2_1_43.jpg", "id": 1}, {"file_name": "vis_1_1_31.jpg", "id": 1}, {"file_name": "vis_2_2_53.jpg", "id": 1}, {"file_name": "vis_5_1_54.jpg", "id": 1}, {"file_name": "vis_1_1_58.jpg", "id": 1}, {"file_name": "vis_2_2_43.jpg", "id": 1}, {"file_name": "vis_3_2_53.jpg", "id": 1}, {"file_name": "vis_1_1_44.jpg", "id": 1}, {"file_name": "vis_5_1_40.jpg", "id": 1}, {"file_name": "vis_3_2_39.jpg", "id": 1}, {"file_name": "vis_2_1_37.jpg", "id": 1}, {"file_name": "vis_2_2_45.jpg", "id": 1}, {"file_name": "vis_1_1_45.jpg", "id": 1}, {"file_name": "vis_5_1_32.jpg", "id": 1}, {"file_name": "vis_2_1_31.jpg", "id": 1}, {"file_name": "vis_5_1_33.jpg", "id": 1}, {"file_name": "vis_2_2_52.jpg", "id": 1}, {"file_name": "vis_5_1_50.jpg", "id": 1}, {"file_name": "vis_2_2_31.jpg", "id": 1}, {"file_name": "vis_2_1_34.jpg", "id": 1}, {"file_name": "vis_3_2_32.jpg", "id": 1}, {"file_name": "vis_2_1_38.jpg", "id": 1}, {"file_name": "vis_3_2_40.jpg", "id": 1}, {"file_name": "vis_3_2_42.jpg", "id": 1}, {"file_name": "vis_2_1_48.jpg", "id": 1}, {"file_name": "vis_3_2_43.jpg", "id": 1}, {"file_name": "vis_5_1_55.jpg", "id": 1}, {"file_name": "vis_3_2_44.jpg", "id": 1}, {"file_name": "vis_3_2_36.jpg", "id": 1}, {"file_name": "vis_1_1_49.jpg", "id": 1}, {"file_name": "vis_3_2_55.jpg", "id": 1}, {"file_name": "vis_1_1_37.jpg", "id": 1}, {"file_name": "vis_2_2_57.jpg", "id": 1}, {"file_name": "vis_2_1_44.jpg", "id": 1}, {"file_name": "vis_5_1_51.jpg", "id": 1}, {"file_name": "vis_5_1_56.jpg", "id": 1}, {"file_name": "vis_2_2_55.jpg", "id": 1}, {"file_name": "vis_2_1_42.jpg", "id": 1}, {"file_name": "vis_3_2_59.jpg", "id": 1}, {"file_name": "vis_1_1_32.jpg", "id": 1}, {"file_name": "vis_2_1_36.jpg", "id": 1}, {"file_name": "vis_2_2_47.jpg", "id": 1}, {"file_name": "vis_5_1_49.jpg", "id": 1}, {"file_name": "vis_2_1_52.jpg", "id": 1}, {"file_name": "vis_2_2_34.jpg", "id": 1}, {"file_name": "vis_2_1_49.jpg", "id": 1}, {"file_name": "vis_1_1_43.jpg", "id": 1}, {"file_name": "vis_2_1_39.jpg", "id": 1}, {"file_name": "vis_5_1_41.jpg", "id": 1}, {"file_name": "vis_2_1_46.jpg", "id": 1}, {"file_name": "vis_5_1_59.jpg", "id": 1}, {"file_name": "vis_3_2_47.jpg", "id": 1}, {"file_name": "vis_1_1_48.jpg", "id": 1}, {"file_name": "vis_1_1_33.jpg", "id": 1}, {"file_name": "vis_3_2_41.jpg", "id": 1}, {"file_name": "vis_3_2_38.jpg", "id": 1}, {"file_name": "vis_3_2_58.jpg", "id": 1}, {"file_name": "vis_5_1_57.jpg", "id": 1}, {"file_name": "vis_5_1_58.jpg", "id": 1}, {"file_name": "vis_2_1_35.jpg", "id": 1}, {"file_name": "vis_3_2_50.jpg", "id": 1}, {"file_name": "vis_1_1_36.jpg", "id": 1}, {"file_name": "vis_2_2_32.jpg", "id": 1}, {"file_name": "vis_5_1_48.jpg", "id": 1}, {"file_name": "vis_2_1_30.jpg", "id": 1}, {"file_name": "vis_2_2_42.jpg", "id": 1}, {"file_name": "vis_1_1_50.jpg", "id": 1}, {"file_name": "vis_3_2_56.jpg", "id": 1}, {"file_name": "vis_1_1_47.jpg", "id": 1}, {"file_name": "vis_2_1_58.jpg", "id": 1}, {"file_name": "vis_1_1_39.jpg", "id": 1}, {"file_name": "vis_5_1_35.jpg", "id": 1}, {"file_name": "vis_2_1_33.jpg", "id": 1}, {"file_name": "vis_2_2_39.jpg", "id": 1}, {"file_name": "vis_2_1_51.jpg", "id": 1}], "annotations": [{"image_id": 1, "bbox": [1591.0673828125, 254.9951934814453, 139.92236328125, 138.22105407714844], "category_id": 2, "score": 0.9999772310256958}, {"image_id": 1, "bbox": [954.4527587890625, 589.2236328125, 793.4166259765625, 775.97509765625], "category_id": 1, "score": 0.7049512267112732}, {"image_id": 1, "bbox": [1213.2845458984375, 686.0682983398438, 81.89599609375, 24.43365478515625], "category_id": 10, "score": 0.9962432384490967}, {"image_id": 1, "bbox": [1308.8988037109375, 938.7922973632812, 56.041015625, 29.45751953125], "category_id": 10, "score": 0.9978576302528381}, {"image_id": 1, "bbox": [1068.4764404296875, 348.87371826171875, 718.781494140625, 1005.8385620117188], "category_id": 4, "score": 0.9987836480140686}, {"image_id": 1, "bbox": [1340.6396484375, 661.973388671875, 76.972412109375, 99.30364990234375], "category_id": 6, "score": 0.9999579191207886}, {"image_id": 1, "bbox": [1161.705078125, 444.8287658691406, 49.853515625, 21.45623779296875], "category_id": 6, "score": 0.6229809522628784}, {"image_id": 1, "bbox": [1196.1773681640625, 107.64559173583984, 253.3111572265625, 105.17557525634766], "category_id": 2, "score": 0.9999574422836304}, {"image_id": 1, "bbox": [681.67041015625, 215.90029907226562, 82.5904541015625, 88.4906005859375], "category_id": 2, "score": 0.9999561309814453}, {"image_id": 1, "bbox": [1109.72802734375, 334.6032409667969, 729.740966796875, 1016.02734375], "category_id": 4, "score": 0.9992263317108154}, {"image_id": 1, "bbox": [1146.9615478515625, 896.2479248046875, 56.0552978515625, 199.9783935546875], "category_id": 6, "score": 0.9999290704727173}, {"image_id": 1, "bbox": [1648.9256591796875, 941.20166015625, 62.3858642578125, 167.3531494140625], "category_id": 6, "score": 0.9994124174118042}, {"image_id": 1, "bbox": [1195.360107421875, 954.0623168945312, 45.6256103515625, 36.1314697265625], "category_id": 10, "score": 0.9976968169212341}, {"image_id": 1, "bbox": [1079.1668701171875, 331.561767578125, 736.4530029296875, 1043.1246337890625], "category_id": 4, "score": 0.9997597336769104}, {"image_id": 1, "bbox": [1326.6072998046875, 1123.38427734375, 40.2587890625, 98.3648681640625], "category_id": 6, "score": 0.9999635219573975}, {"image_id": 1, "bbox": [1082.1839599609375, 362.12469482421875, 725.3304443359375, 998.8966674804688], "category_id": 4, "score": 0.999863862991333}, {"image_id": 1, "bbox": [1494.897705078125, 417.98211669921875, 83.79833984375, 68.2396240234375], "category_id": 6, "score": 0.9997221827507019}, {"image_id": 1, "bbox": [1208.863525390625, 909.4334716796875, 130.98583984375, 231.3570556640625], "category_id": 6, "score": 0.9988353848457336}, {"image_id": 1, "bbox": [805.9267578125, 158.31329345703125, 257.3648681640625, 255.63818359375], "category_id": 7, "score": 0.9911808371543884}, {"image_id": 1, "bbox": [783.5475463867188, 1307.565185546875, 254.01336669921875, 257.2386474609375], "category_id": 7, "score": 0.9825981259346008}, {"image_id": 1, "bbox": [1320.7315673828125, 756.0386352539062, 245.462158203125, 240.20440673828125], "category_id": 7, "score": 0.9742688536643982}, {"image_id": 1, "bbox": [929.6736450195312, 1436.6416015625, 61.801513671875, 84.302490234375], "category_id": 8, "score": 0.9953149557113647}, {"image_id": 1, "bbox": [1421.2025146484375, 898.9033813476562, 91.7821044921875, 65.52142333984375], "category_id": 8, "score": 0.9946021437644958}, {"image_id": 1, "bbox": [951.0708618164062, 190.04734802246094, 66.8487548828125, 87.75730895996094], "category_id": 8, "score": 0.9914922118186951}, {"image_id": 1, "bbox": [817.5689086914062, 1442.770751953125, 48.1407470703125, 71.7562255859375], "category_id": 8, "score": 0.9727373719215393}, {"image_id": 1, "bbox": [1090.5675048828125, 292.0076599121094, 731.7640380859375, 1101.1187744140625], "category_id": 4, "score": 0.9998706579208374}, {"image_id": 1, "bbox": [1474.653564453125, 436.5379638671875, 68.7618408203125, 116.78070068359375], "category_id": 6, "score": 0.9999469518661499}, {"image_id": 1, "bbox": [1192.86474609375, 918.405029296875, 70.0716552734375, 174.32373046875], "category_id": 6, "score": 0.999816358089447}, {"image_id": 1, "bbox": [1522.72216796875, 915.1309814453125, 55.9600830078125, 175.141845703125], "category_id": 6, "score": 0.9995967745780945}, {"image_id": 1, "bbox": [1036.13720703125, 798.8156127929688, 25.829345703125, 45.36029052734375], "category_id": 10, "score": 0.9973793029785156}, {"image_id": 1, "bbox": [1273.987548828125, 1657.1739501953125, 140.854736328125, 87.55224609375], "category_id": 2, "score": 0.9999130964279175}, {"image_id": 1, "bbox": [1450.96484375, 766.581787109375, 35.53955078125, 57.073974609375], "category_id": 10, "score": 0.9942985773086548}, {"image_id": 1, "bbox": [1143.27001953125, 88.28691101074219, 157.3292236328125, 113.98402404785156], "category_id": 2, "score": 0.9999786615371704}, {"image_id": 1, "bbox": [498.4830322265625, 916.8336791992188, 111.4964599609375, 103.81500244140625], "category_id": 2, "score": 0.9999141693115234}, {"image_id": 1, "bbox": [526.5354614257812, 729.1597290039062, 48.351806640625, 46.790283203125], "category_id": 2, "score": 0.9989109039306641}, {"image_id": 1, "bbox": [827.792236328125, 1303.9542236328125, 248.4053955078125, 257.632080078125], "category_id": 7, "score": 0.9977134466171265}, {"image_id": 1, "bbox": [822.5062866210938, 138.43896484375, 262.29229736328125, 261.0850524902344], "category_id": 7, "score": 0.9925938248634338}, {"image_id": 1, "bbox": [1346.22216796875, 743.1170043945312, 241.7763671875, 247.091552734375], "category_id": 7, "score": 0.9762181043624878}, {"image_id": 1, "bbox": [1486.4547119140625, 777.4398803710938, 59.34130859375, 57.7008056640625], "category_id": 8, "score": 0.9968697428703308}, {"image_id": 1, "bbox": [958.842529296875, 151.79908752441406, 92.5831298828125, 55.744140625], "category_id": 8, "score": 0.9905750155448914}, {"image_id": 1, "bbox": [926.556884765625, 1344.4185791015625, 84.856689453125, 40.46728515625], "category_id": 8, "score": 0.6826769113540649}, {"image_id": 1, "bbox": [774.9843139648438, 654.5202026367188, 777.8047485351562, 745.6607055664062], "category_id": 1, "score": 0.6928285360336304}, {"image_id": 1, "bbox": [773.1861572265625, 880.8003540039062, 104.1656494140625, 84.3443603515625], "category_id": 2, "score": 0.9998805522918701}, {"image_id": 1, "bbox": [1247.5721435546875, 1334.6739501953125, 123.7841796875, 65.332763671875], "category_id": 2, "score": 0.999871015548706}, {"image_id": 1, "bbox": [1023.89306640625, 571.830322265625, 783.58056640625, 791.171875], "category_id": 1, "score": 0.7256250381469727}, {"image_id": 1, "bbox": [1449.370361328125, 1275.0205078125, 120.4805908203125, 73.3951416015625], "category_id": 2, "score": 0.9998810291290283}, {"image_id": 1, "bbox": [1099.4898681640625, 1182.4786376953125, 71.180419921875, 68.72509765625], "category_id": 2, "score": 0.9996354579925537}, {"image_id": 1, "bbox": [1109.0203857421875, 326.5738220214844, 706.345458984375, 1056.536376953125], "category_id": 4, "score": 0.9998446702957153}, {"image_id": 1, "bbox": [1555.0169677734375, 929.7631225585938, 55.20068359375, 174.39984130859375], "category_id": 6, "score": 0.9996728897094727}, {"image_id": 1, "bbox": [1173.599609375, 903.3006591796875, 38.2916259765625, 120.7235107421875], "category_id": 6, "score": 0.9995874762535095}, {"image_id": 1, "bbox": [1228.4464111328125, 913.2265014648438, 49.5489501953125, 31.1126708984375], "category_id": 10, "score": 0.9975774884223938}, {"image_id": 1, "bbox": [979.7672119140625, 582.7305908203125, 775.5068359375, 753.8743896484375], "category_id": 1, "score": 0.6995905041694641}, {"image_id": 1, "bbox": [1531.8741455078125, 1215.87158203125, 81.7607421875, 65.62939453125], "category_id": 2, "score": 0.9998563528060913}, {"image_id": 1, "bbox": [1192.7701416015625, 1282.9520263671875, 76.9210205078125, 42.8326416015625], "category_id": 2, "score": 0.9984160661697388}, {"image_id": 1, "bbox": [1576.7950439453125, 126.22945404052734, 109.0775146484375, 81.7546615600586], "category_id": 2, "score": 0.9999301433563232}, {"image_id": 1, "bbox": [1276.910400390625, 949.9747314453125, 59.2528076171875, 41.07391357421875], "category_id": 10, "score": 0.9994663596153259}, {"image_id": 1, "bbox": [790.0921020507812, 669.2612915039062, 760.1369018554688, 738.5087280273438], "category_id": 1, "score": 0.6734706163406372}, {"image_id": 1, "bbox": [924.103759765625, 583.0844116210938, 783.66064453125, 775.6522827148438], "category_id": 1, "score": 0.7223923802375793}, {"image_id": 1, "bbox": [1281.2332763671875, 578.3114013671875, 56.325439453125, 88.9044189453125], "category_id": 2, "score": 0.9996509552001953}, {"image_id": 1, "bbox": [1110.932373046875, 297.53875732421875, 722.971435546875, 1027.205322265625], "category_id": 4, "score": 0.9974963068962097}, {"image_id": 1, "bbox": [1477.2388916015625, 492.21990966796875, 114.9454345703125, 110.9796142578125], "category_id": 6, "score": 0.9999057054519653}, {"image_id": 1, "bbox": [1579.9666748046875, 395.7889709472656, 134.7747802734375, 35.731353759765625], "category_id": 6, "score": 0.9997696280479431}, {"image_id": 1, "bbox": [1625.3807373046875, 522.0508422851562, 47.625244140625, 87.29522705078125], "category_id": 6, "score": 0.9982280135154724}, {"image_id": 1, "bbox": [1505.922607421875, 403.2428283691406, 188.2166748046875, 219.95291137695312], "category_id": 6, "score": 0.5344662666320801}, {"image_id": 1, "bbox": [1249.6107177734375, 195.2428741455078, 124.3017578125, 104.20988464355469], "category_id": 2, "score": 0.9999411106109619}, {"image_id": 1, "bbox": [772.4714965820312, 1305.302978515625, 250.73602294921875, 258.087890625], "category_id": 7, "score": 0.9964966177940369}, {"image_id": 1, "bbox": [797.3095092773438, 164.6544952392578, 253.79351806640625, 259.2271728515625], "category_id": 7, "score": 0.9960806965827942}, {"image_id": 1, "bbox": [1306.3350830078125, 759.5675659179688, 248.7176513671875, 248.27545166015625], "category_id": 7, "score": 0.9824795722961426}, {"image_id": 1, "bbox": [853.4697875976562, 1338.78564453125, 103.83251953125, 44.5035400390625], "category_id": 8, "score": 0.9730859398841858}, {"image_id": 1, "bbox": [1466.323486328125, 809.2528076171875, 46.488525390625, 63.0308837890625], "category_id": 8, "score": 0.9416533708572388}, {"image_id": 1, "bbox": [841.7966918945312, 208.77783203125, 93.4949951171875, 52.1634521484375], "category_id": 8, "score": 0.6959171295166016}, {"image_id": 1, "bbox": [1104.896240234375, 290.3074951171875, 732.4727783203125, 1033.3236083984375], "category_id": 4, "score": 0.9947527647018433}, {"image_id": 1, "bbox": [1133.482666015625, 353.9664611816406, 80.515625, 34.747650146484375], "category_id": 6, "score": 0.9991187453269958}, {"image_id": 1, "bbox": [997.880859375, 789.2868041992188, 37.2606201171875, 65.0228271484375], "category_id": 10, "score": 0.9987455606460571}, {"image_id": 1, "bbox": [1110.4814453125, 325.46563720703125, 693.480712890625, 1066.730712890625], "category_id": 4, "score": 0.9998049139976501}, {"image_id": 1, "bbox": [1220.64013671875, 974.7944946289062, 274.603515625, 303.59039306640625], "category_id": 6, "score": 0.999640941619873}, {"image_id": 1, "bbox": [1610.44091796875, 412.69586181640625, 68.3846435546875, 50.75372314453125], "category_id": 6, "score": 0.9996205568313599}, {"image_id": 1, "bbox": [1080.8187255859375, 1668.6533203125, 93.3162841796875, 112.5054931640625], "category_id": 2, "score": 0.9999338388442993}, {"image_id": 1, "bbox": [812.2254638671875, 1306.009521484375, 272.058349609375, 262.88623046875], "category_id": 7, "score": 0.998785674571991}, {"image_id": 1, "bbox": [821.664306640625, 153.8934783935547, 253.3787841796875, 254.0812225341797], "category_id": 7, "score": 0.9805619120597839}, {"image_id": 1, "bbox": [1345.9456787109375, 751.4432373046875, 241.939208984375, 243.20770263671875], "category_id": 7, "score": 0.9481592774391174}, {"image_id": 1, "bbox": [1480.216552734375, 782.3786010742188, 65.604248046875, 59.00628662109375], "category_id": 8, "score": 0.997000515460968}, {"image_id": 1, "bbox": [935.2012939453125, 178.83050537109375, 91.8382568359375, 61.03877258300781], "category_id": 8, "score": 0.9952133893966675}, {"image_id": 1, "bbox": [927.1463623046875, 1344.295166015625, 79.37750244140625, 40.244384765625], "category_id": 8, "score": 0.5827963352203369}, {"image_id": 1, "bbox": [1098.4241943359375, 281.7562561035156, 707.4910888671875, 1072.6158447265625], "category_id": 4, "score": 0.9997381567955017}, {"image_id": 1, "bbox": [1389.1488037109375, 1010.52294921875, 68.181884765625, 233.5159912109375], "category_id": 6, "score": 0.999866247177124}, {"image_id": 1, "bbox": [1373.865234375, 799.7611083984375, 81.3021240234375, 136.900146484375], "category_id": 6, "score": 0.9976626634597778}, {"image_id": 1, "bbox": [817.1459350585938, 137.4565887451172, 253.66375732421875, 270.5260009765625], "category_id": 7, "score": 0.9953839182853699}, {"image_id": 1, "bbox": [810.7981567382812, 1294.8240966796875, 259.59686279296875, 257.728515625], "category_id": 7, "score": 0.994707465171814}, {"image_id": 1, "bbox": [1333.3948974609375, 737.3975219726562, 245.2325439453125, 248.72039794921875], "category_id": 7, "score": 0.9795600175857544}, {"image_id": 1, "bbox": [848.265380859375, 207.89523315429688, 53.181396484375, 116.75735473632812], "category_id": 8, "score": 0.9979981780052185}, {"image_id": 1, "bbox": [1482.120849609375, 784.399658203125, 63.4560546875, 89.55889892578125], "category_id": 8, "score": 0.9928250312805176}, {"image_id": 1, "bbox": [955.6566772460938, 1341.783935546875, 64.72857666015625, 55.1964111328125], "category_id": 8, "score": 0.7266167998313904}, {"image_id": 1, "bbox": [1086.6802978515625, 308.66412353515625, 756.2135009765625, 1023.7590942382812], "category_id": 4, "score": 0.9993941783905029}, {"image_id": 1, "bbox": [1180.5380859375, 683.513671875, 56.3255615234375, 517.454345703125], "category_id": 6, "score": 0.9999521970748901}, {"image_id": 1, "bbox": [1128.4532470703125, 595.691162109375, 60.443603515625, 49.25738525390625], "category_id": 6, "score": 0.999875545501709}, {"image_id": 1, "bbox": [828.058349609375, 165.16571044921875, 244.3375244140625, 249.12884521484375], "category_id": 7, "score": 0.9919723272323608}, {"image_id": 1, "bbox": [1336.5101318359375, 758.4439697265625, 235.61767578125, 243.7862548828125], "category_id": 7, "score": 0.9863454699516296}, {"image_id": 1, "bbox": [794.1275024414062, 1313.1072998046875, 256.76190185546875, 247.333740234375], "category_id": 7, "score": 0.9861461520195007}, {"image_id": 1, "bbox": [856.9718017578125, 276.1732482910156, 75.272705078125, 93.6888427734375], "category_id": 8, "score": 0.9969145059585571}, {"image_id": 1, "bbox": [1396.6376953125, 898.7633666992188, 121.4190673828125, 66.8016357421875], "category_id": 8, "score": 0.9915677905082703}, {"image_id": 1, "bbox": [838.2111206054688, 1469.5533447265625, 120.45556640625, 58.8336181640625], "category_id": 8, "score": 0.9903287291526794}, {"image_id": 1, "bbox": [821.9325561523438, 1424.20263671875, 52.8028564453125, 88.88818359375], "category_id": 8, "score": 0.8597483038902283}, {"image_id": 1, "bbox": [803.1222534179688, 1327.991455078125, 255.45074462890625, 260.8450927734375], "category_id": 7, "score": 0.9936949610710144}, {"image_id": 1, "bbox": [813.5966796875, 180.71221923828125, 259.3408203125, 249.38861083984375], "category_id": 7, "score": 0.9902592897415161}, {"image_id": 1, "bbox": [1332.0802001953125, 777.927001953125, 244.433837890625, 242.72711181640625], "category_id": 7, "score": 0.9540198445320129}, {"image_id": 1, "bbox": [836.9547729492188, 1467.338623046875, 87.20928955078125, 81.02392578125], "category_id": 8, "score": 0.9974895715713501}, {"image_id": 1, "bbox": [918.1016845703125, 206.43836975097656, 105.9365234375, 49.386505126953125], "category_id": 8, "score": 0.9952517747879028}, {"image_id": 1, "bbox": [1397.356201171875, 797.1830444335938, 114.2591552734375, 51.74237060546875], "category_id": 8, "score": 0.9923615455627441}, {"image_id": 1, "bbox": [314.5770263671875, 918.2449340820312, 61.776611328125, 83.44268798828125], "category_id": 2, "score": 0.9997490048408508}, {"image_id": 1, "bbox": [1098.84521484375, 327.1345520019531, 718.065673828125, 1038.7645263671875], "category_id": 4, "score": 0.9998286962509155}, {"image_id": 1, "bbox": [1439.9989013671875, 830.2322387695312, 58.767333984375, 287.49041748046875], "category_id": 6, "score": 0.9989404082298279}, {"image_id": 1, "bbox": [871.6912841796875, 611.5221557617188, 762.08544921875, 762.6776733398438], "category_id": 1, "score": 0.6879590749740601}, {"image_id": 1, "bbox": [1097.0892333984375, 1322.3121337890625, 125.19677734375, 61.5037841796875], "category_id": 2, "score": 0.9998154044151306}, {"image_id": 1, "bbox": [921.1892700195312, 1197.805908203125, 61.57440185546875, 53.85107421875], "category_id": 2, "score": 0.9995231628417969}, {"image_id": 1, "bbox": [1109.791748046875, 305.9810485839844, 724.1593017578125, 1025.1705322265625], "category_id": 4, "score": 0.9988707900047302}, {"image_id": 1, "bbox": [1253.1412353515625, 873.1405029296875, 204.619384765625, 190.2655029296875], "category_id": 6, "score": 0.9985781908035278}, {"image_id": 1, "bbox": [804.2056274414062, 646.79931640625, 759.6017456054688, 742.409423828125], "category_id": 1, "score": 0.6900911331176758}, {"image_id": 1, "bbox": [1485.0296630859375, 1024.808349609375, 85.72021484375, 97.212890625], "category_id": 2, "score": 0.9999371767044067}, {"image_id": 1, "bbox": [1490.23486328125, 1595.9053955078125, 84.8656005859375, 93.08544921875], "category_id": 2, "score": 0.9999004602432251}, {"image_id": 1, "bbox": [1087.717041015625, 338.4264221191406, 747.259033203125, 1002.449462890625], "category_id": 4, "score": 0.9998316764831543}, {"image_id": 1, "bbox": [1139.1881103515625, 853.9569702148438, 55.779052734375, 177.90057373046875], "category_id": 6, "score": 0.99996018409729}, {"image_id": 1, "bbox": [1416.2178955078125, 923.8373413085938, 102.785888671875, 222.64996337890625], "category_id": 6, "score": 0.9990322589874268}, {"image_id": 1, "bbox": [1165.4539794921875, 970.5614624023438, 56.624755859375, 31.94189453125], "category_id": 10, "score": 0.9978938698768616}, {"image_id": 1, "bbox": [825.2130126953125, 189.0162353515625, 268.287109375, 270.0794982910156], "category_id": 7, "score": 0.9974038004875183}, {"image_id": 1, "bbox": [809.5469970703125, 1342.206298828125, 266.469970703125, 256.92041015625], "category_id": 7, "score": 0.992351233959198}, {"image_id": 1, "bbox": [1349.889404296875, 791.07958984375, 237.185791015625, 255.1856689453125], "category_id": 7, "score": 0.9594901204109192}, {"image_id": 1, "bbox": [920.3413696289062, 1516.3372802734375, 102.7310791015625, 51.1435546875], "category_id": 8, "score": 0.9940118193626404}, {"image_id": 1, "bbox": [1476.661865234375, 824.90087890625, 66.618408203125, 49.8458251953125], "category_id": 8, "score": 0.9780809283256531}, {"image_id": 1, "bbox": [1012.4537963867188, 268.8973083496094, 50.30706787109375, 84.0084228515625], "category_id": 8, "score": 0.9281975626945496}, {"image_id": 1, "bbox": [1040.6634521484375, 287.3696594238281, 38.869384765625, 73.49307250976562], "category_id": 8, "score": 0.7123014330863953}, {"image_id": 1, "bbox": [854.867919921875, 624.9317016601562, 789.1627197265625, 757.7908325195312], "category_id": 1, "score": 0.7040855884552002}, {"image_id": 1, "bbox": [1539.9091796875, 838.9915771484375, 99.12939453125, 117.066650390625], "category_id": 2, "score": 0.9999666213989258}, {"image_id": 1, "bbox": [1040.9259033203125, 648.6687622070312, 49.3807373046875, 51.09332275390625], "category_id": 2, "score": 0.995704710483551}, {"image_id": 1, "bbox": [1536.261474609375, 760.731201171875, 39.342529296875, 73.77301025390625], "category_id": 2, "score": 0.932547390460968}, {"image_id": 1, "bbox": [1257.7930908203125, 635.1659545898438, 51.0328369140625, 38.30145263671875], "category_id": 10, "score": 0.9990991353988647}, {"image_id": 1, "bbox": [1283.096435546875, 680.2515258789062, 47.4178466796875, 33.21728515625], "category_id": 10, "score": 0.9988333582878113}, {"image_id": 1, "bbox": [833.9436645507812, 623.8540649414062, 782.1755981445312, 763.2488403320312], "category_id": 1, "score": 0.6990519762039185}, {"image_id": 1, "bbox": [830.5936889648438, 1008.3431396484375, 97.25787353515625, 73.3187255859375], "category_id": 2, "score": 0.9998742341995239}, {"image_id": 1, "bbox": [1079.3372802734375, 336.72198486328125, 726.4927978515625, 1040.256103515625], "category_id": 4, "score": 0.9998373985290527}, {"image_id": 1, "bbox": [1455.392578125, 394.9404602050781, 73.9605712890625, 41.472442626953125], "category_id": 6, "score": 0.9998137354850769}, {"image_id": 1, "bbox": [1358.4818115234375, 895.0433349609375, 74.5330810546875, 365.6175537109375], "category_id": 6, "score": 0.9997803568840027}, {"image_id": 1, "bbox": [1095.6610107421875, 342.09063720703125, 738.22802734375, 1011.4414672851562], "category_id": 4, "score": 0.9962409734725952}, {"image_id": 1, "bbox": [1586.17333984375, 423.1274719238281, 79.8817138671875, 155.27175903320312], "category_id": 6, "score": 0.9999760389328003}, {"image_id": 1, "bbox": [815.2144165039062, 1338.9093017578125, 266.75701904296875, 261.5262451171875], "category_id": 7, "score": 0.9943273663520813}, {"image_id": 1, "bbox": [834.68603515625, 193.85130310058594, 256.5223388671875, 258.6611328125], "category_id": 7, "score": 0.9918243288993835}, {"image_id": 1, "bbox": [1351.28173828125, 782.8731689453125, 246.72021484375, 254.4912109375], "category_id": 7, "score": 0.9525899291038513}, {"image_id": 1, "bbox": [852.804931640625, 1499.150390625, 88.06292724609375, 65.261474609375], "category_id": 8, "score": 0.997079610824585}, {"image_id": 1, "bbox": [1436.5638427734375, 811.5177001953125, 98.914306640625, 48.5574951171875], "category_id": 8, "score": 0.994196891784668}, {"image_id": 1, "bbox": [866.4310913085938, 283.13739013671875, 38.7830810546875, 86.55429077148438], "category_id": 8, "score": 0.9910160303115845}, {"image_id": 1, "bbox": [857.9520874023438, 598.1422119140625, 763.4965209960938, 787.60791015625], "category_id": 1, "score": 0.7073732018470764}, {"image_id": 1, "bbox": [1043.1904296875, 632.7582397460938, 89.180908203125, 87.55633544921875], "category_id": 2, "score": 0.9998483657836914}, {"image_id": 1, "bbox": [1280.9970703125, 956.0633544921875, 41.85400390625, 38.0135498046875], "category_id": 10, "score": 0.9978323578834534}, {"image_id": 1, "bbox": [771.7584838867188, 1309.7779541015625, 261.28863525390625, 258.0235595703125], "category_id": 7, "score": 0.9949618577957153}, {"image_id": 1, "bbox": [795.4525756835938, 161.73443603515625, 264.90521240234375, 260.0631408691406], "category_id": 7, "score": 0.984439492225647}, {"image_id": 1, "bbox": [1310.52490234375, 752.5159912109375, 248.880859375, 261.7989501953125], "category_id": 7, "score": 0.9797755479812622}, {"image_id": 1, "bbox": [831.3242797851562, 243.05148315429688, 48.32147216796875, 106.0548095703125], "category_id": 8, "score": 0.9949074387550354}, {"image_id": 1, "bbox": [1471.0770263671875, 835.2486572265625, 45.29931640625, 99.99481201171875], "category_id": 8, "score": 0.9943270087242126}, {"image_id": 1, "bbox": [804.8060913085938, 1356.311767578125, 48.29486083984375, 116.953369140625], "category_id": 8, "score": 0.9287776350975037}, {"image_id": 1, "bbox": [836.2022094726562, 623.5457763671875, 779.0700073242188, 765.1669921875], "category_id": 1, "score": 0.6914211511611938}, {"image_id": 1, "bbox": [834.0863647460938, 975.8294067382812, 85.70623779296875, 70.86212158203125], "category_id": 2, "score": 0.999725878238678}, {"image_id": 1, "bbox": [1274.72216796875, 684.1781616210938, 54.0936279296875, 35.48797607421875], "category_id": 10, "score": 0.9995518326759338}, {"image_id": 1, "bbox": [1635.3006591796875, 243.15625, 108.6470947265625, 102.32708740234375], "category_id": 2, "score": 0.9999589920043945}, {"image_id": 1, "bbox": [860.1768188476562, 602.5048217773438, 769.6166381835938, 777.6235961914062], "category_id": 1, "score": 0.7025948166847229}, {"image_id": 1, "bbox": [1451.5809326171875, 660.8745727539062, 107.8760986328125, 109.7364501953125], "category_id": 2, "score": 0.9998948574066162}, {"image_id": 1, "bbox": [831.2810668945312, 600.1900024414062, 842.5369262695312, 783.6477661132812], "category_id": 3, "score": 0.5035998225212097}, {"image_id": 1, "bbox": [824.1770629882812, 1314.6356201171875, 256.96209716796875, 264.5162353515625], "category_id": 7, "score": 0.9906322956085205}, {"image_id": 1, "bbox": [827.4925537109375, 165.11956787109375, 251.8089599609375, 262.05743408203125], "category_id": 7, "score": 0.9735605716705322}, {"image_id": 1, "bbox": [1348.4073486328125, 757.4635620117188, 237.6202392578125, 252.05084228515625], "category_id": 7, "score": 0.9306033849716187}, {"image_id": 1, "bbox": [920.1738891601562, 189.54258728027344, 106.35162353515625, 76.23515319824219], "category_id": 8, "score": 0.9949551224708557}, {"image_id": 1, "bbox": [1448.9432373046875, 792.763427734375, 94.897705078125, 84.49078369140625], "category_id": 8, "score": 0.9885879755020142}, {"image_id": 1, "bbox": [862.3082275390625, 1452.103271484375, 53.18701171875, 89.90234375], "category_id": 8, "score": 0.9864111542701721}, {"image_id": 1, "bbox": [982.1109619140625, 1466.259765625, 57.2650146484375, 61.133544921875], "category_id": 8, "score": 0.962982177734375}, {"image_id": 1, "bbox": [785.0115356445312, 1305.2164306640625, 258.10272216796875, 259.2471923828125], "category_id": 7, "score": 0.9949955940246582}, {"image_id": 1, "bbox": [809.3568725585938, 162.072509765625, 263.17608642578125, 259.90478515625], "category_id": 7, "score": 0.9693528413772583}, {"image_id": 1, "bbox": [1325.5548095703125, 756.8771362304688, 243.5574951171875, 250.9613037109375], "category_id": 7, "score": 0.9552595615386963}, {"image_id": 1, "bbox": [902.3308715820312, 201.4815216064453, 114.21270751953125, 73.79896545410156], "category_id": 8, "score": 0.9976004958152771}, {"image_id": 1, "bbox": [1471.1007080078125, 805.7471313476562, 62.2239990234375, 85.87933349609375], "category_id": 8, "score": 0.9936222434043884}, {"image_id": 1, "bbox": [919.6351318359375, 1451.412841796875, 75.35791015625, 71.1318359375], "category_id": 8, "score": 0.9933668971061707}, {"image_id": 1, "bbox": [818.1590576171875, 629.263427734375, 778.4288330078125, 750.3031005859375], "category_id": 1, "score": 0.690337061882019}, {"image_id": 1, "bbox": [1521.24072265625, 894.3746337890625, 97.6220703125, 73.967041015625], "category_id": 2, "score": 0.9999121427536011}, {"image_id": 1, "bbox": [1081.6182861328125, 341.7911071777344, 740.1217041015625, 1007.9991455078125], "category_id": 4, "score": 0.9998403787612915}, {"image_id": 1, "bbox": [1582.5140380859375, 320.87481689453125, 97.6749267578125, 50.62261962890625], "category_id": 6, "score": 0.9997885823249817}, {"image_id": 1, "bbox": [1220.8525390625, 882.1649169921875, 143.34521484375, 218.96630859375], "category_id": 6, "score": 0.9995840191841125}, {"image_id": 1, "bbox": [1445.1341552734375, 426.7171325683594, 49.859375, 27.5572509765625], "category_id": 6, "score": 0.9992741942405701}, {"image_id": 1, "bbox": [729.6563110351562, 664.3882446289062, 770.0020141601562, 754.8836059570312], "category_id": 1, "score": 0.6809120774269104}, {"image_id": 1, "bbox": [750.1217651367188, 1142.048095703125, 63.43475341796875, 101.072998046875], "category_id": 2, "score": 0.999751627445221}, {"image_id": 1, "bbox": [818.024658203125, 641.0713500976562, 758.4305419921875, 743.0425415039062], "category_id": 1, "score": 0.6826443672180176}, {"image_id": 1, "bbox": [1277.939208984375, 671.22607421875, 56.581298828125, 28.91131591796875], "category_id": 10, "score": 0.9986982345581055}, {"image_id": 1, "bbox": [791.08154296875, 278.4192810058594, 97.3546142578125, 93.427490234375], "category_id": 2, "score": 0.9999014139175415}, {"image_id": 1, "bbox": [1086.385498046875, 338.39422607421875, 741.4844970703125, 1022.8554077148438], "category_id": 4, "score": 0.9999020099639893}, {"image_id": 1, "bbox": [1144.5892333984375, 816.2293701171875, 99.3485107421875, 380.801025390625], "category_id": 6, "score": 0.9999511241912842}, {"image_id": 1, "bbox": [1629.041259765625, 846.0028686523438, 40.912109375, 156.78436279296875], "category_id": 6, "score": 0.9999021291732788}, {"image_id": 1, "bbox": [811.181640625, 1304.1776123046875, 260.3375244140625, 255.0240478515625], "category_id": 7, "score": 0.9967424273490906}, {"image_id": 1, "bbox": [813.9733276367188, 147.80459594726562, 259.02130126953125, 256.2576904296875], "category_id": 7, "score": 0.988837718963623}, {"image_id": 1, "bbox": [1340.5751953125, 744.9908447265625, 245.3968505859375, 245.75970458984375], "category_id": 7, "score": 0.9426641464233398}, {"image_id": 1, "bbox": [892.2642822265625, 1333.7403564453125, 110.1337890625, 63.515380859375], "category_id": 8, "score": 0.9956454038619995}, {"image_id": 1, "bbox": [935.5919189453125, 172.5261993408203, 86.5347900390625, 60.10722351074219], "category_id": 8, "score": 0.9952393770217896}, {"image_id": 1, "bbox": [1401.0394287109375, 771.0550537109375, 110.3756103515625, 44.29998779296875], "category_id": 8, "score": 0.9894760847091675}, {"image_id": 1, "bbox": [809.691650390625, 1306.121826171875, 279.1934814453125, 252.963134765625], "category_id": 7, "score": 0.9964447617530823}, {"image_id": 1, "bbox": [1334.3365478515625, 730.9111328125, 245.882080078125, 272.57598876953125], "category_id": 7, "score": 0.9941306710243225}, {"image_id": 1, "bbox": [817.948486328125, 148.177978515625, 251.2049560546875, 252.59219360351562], "category_id": 7, "score": 0.9929987192153931}, {"image_id": 1, "bbox": [971.033447265625, 197.51934814453125, 69.061279296875, 86.2137451171875], "category_id": 8, "score": 0.9972490668296814}, {"image_id": 1, "bbox": [1504.0450439453125, 798.850341796875, 40.5955810546875, 81.17840576171875], "category_id": 8, "score": 0.9922769069671631}, {"image_id": 1, "bbox": [839.48583984375, 1378.8660888671875, 34.364990234375, 77.0386962890625], "category_id": 8, "score": 0.9588476419448853}, {"image_id": 1, "bbox": [1200.0572509765625, 680.3576049804688, 81.3970947265625, 30.07794189453125], "category_id": 10, "score": 0.9987921118736267}, {"image_id": 1, "bbox": [791.1441650390625, 198.52197265625, 131.49615478515625, 76.66705322265625], "category_id": 2, "score": 0.999794065952301}, {"image_id": 1, "bbox": [837.064208984375, 662.3991088867188, 761.9464111328125, 741.5184936523438], "category_id": 1, "score": 0.6772279143333435}, {"image_id": 1, "bbox": [1517.4228515625, 1077.2733154296875, 86.8319091796875, 81.1328125], "category_id": 2, "score": 0.9999467134475708}, {"image_id": 1, "bbox": [1102.9686279296875, 313.4228210449219, 708.823486328125, 1055.9495849609375], "category_id": 5, "score": 0.9748639464378357}, {"image_id": 1, "bbox": [1227.55322265625, 961.5592651367188, 49.7396240234375, 33.524169921875], "category_id": 10, "score": 0.9980941414833069}, {"image_id": 1, "bbox": [820.5328369140625, 638.37939453125, 761.978759765625, 748.63671875], "category_id": 1, "score": 0.6864380836486816}, {"image_id": 1, "bbox": [1051.2808837890625, 293.9995422363281, 776.018798828125, 1006.8775634765625], "category_id": 4, "score": 0.7247794270515442}, {"image_id": 1, "bbox": [1089.8126220703125, 291.6778259277344, 746.2200927734375, 1038.001220703125], "category_id": 5, "score": 0.9805949330329895}, {"image_id": 1, "bbox": [820.3070068359375, 1340.2161865234375, 256.321044921875, 263.471923828125], "category_id": 7, "score": 0.9918689727783203}, {"image_id": 1, "bbox": [829.1758422851562, 187.59976196289062, 263.38079833984375, 258.07623291015625], "category_id": 7, "score": 0.9903112649917603}, {"image_id": 1, "bbox": [1354.46044921875, 774.3704223632812, 233.07958984375, 256.67791748046875], "category_id": 7, "score": 0.9662580490112305}, {"image_id": 1, "bbox": [980.45703125, 219.2756805419922, 74.82763671875, 68.38844299316406], "category_id": 8, "score": 0.9979872703552246}, {"image_id": 1, "bbox": [1488.2718505859375, 812.2161865234375, 63.82861328125, 58.8770751953125], "category_id": 8, "score": 0.9916861653327942}, {"image_id": 1, "bbox": [849.733154296875, 662.593994140625, 752.35205078125, 725.4693603515625], "category_id": 1, "score": 0.6779484152793884}, {"image_id": 1, "bbox": [1275.79736328125, 664.1654052734375, 45.6070556640625, 29.9071044921875], "category_id": 10, "score": 0.998155415058136}, {"image_id": 1, "bbox": [782.0780639648438, 1306.0596923828125, 251.61334228515625, 253.9415283203125], "category_id": 7, "score": 0.9841437339782715}, {"image_id": 1, "bbox": [808.351806640625, 159.9048309326172, 257.248779296875, 264.63348388671875], "category_id": 7, "score": 0.9833106994628906}, {"image_id": 1, "bbox": [1320.0914306640625, 747.199951171875, 239.339599609375, 261.477783203125], "category_id": 7, "score": 0.958853542804718}, {"image_id": 1, "bbox": [1420.304931640625, 921.7431640625, 67.4627685546875, 60.84893798828125], "category_id": 8, "score": 0.9973897337913513}, {"image_id": 1, "bbox": [832.0819702148438, 1425.560546875, 120.5811767578125, 94.284423828125], "category_id": 8, "score": 0.9963506460189819}, {"image_id": 1, "bbox": [922.725341796875, 206.61239624023438, 100.49188232421875, 105.52902221679688], "category_id": 8, "score": 0.9907302260398865}, {"image_id": 1, "bbox": [1383.6717529296875, 180.94850158691406, 117.017333984375, 113.40394592285156], "category_id": 2, "score": 0.9999752044677734}, {"image_id": 1, "bbox": [1095.8743896484375, 314.7402038574219, 739.1146240234375, 1024.91943359375], "category_id": 4, "score": 0.987068772315979}, {"image_id": 1, "bbox": [1270.46044921875, 389.62591552734375, 321.2735595703125, 48.923828125], "category_id": 6, "score": 0.9998941421508789}, {"image_id": 1, "bbox": [914.6824340820312, 618.2987670898438, 774.2191772460938, 763.9219360351562], "category_id": 1, "score": 0.6815080046653748}, {"image_id": 1, "bbox": [942.9349365234375, 745.0701293945312, 87.443115234375, 141.8623046875], "category_id": 2, "score": 0.9999101161956787}, {"image_id": 1, "bbox": [905.6134643554688, 620.4827880859375, 781.5873413085938, 783.663330078125], "category_id": 3, "score": 0.5045579075813293}, {"image_id": 1, "bbox": [0, 0, 100, 100], "category_id": 0, "score": 1.0}, {"image_id": 1, "bbox": [432.1329040527344, 1301.0164794921875, 80.12551879882812, 93.03173828125], "category_id": 2, "score": 0.9999428987503052}, {"image_id": 1, "bbox": [1263.824462890625, 956.5577392578125, 65.1026611328125, 37.087890625], "category_id": 10, "score": 0.9995427131652832}, {"image_id": 1, "bbox": [1081.3487548828125, 362.0250549316406, 739.4061279296875, 993.203369140625], "category_id": 4, "score": 0.9998840093612671}, {"image_id": 1, "bbox": [1641.0972900390625, 882.4029541015625, 59.848388671875, 203.5858154296875], "category_id": 6, "score": 0.9999550580978394}, {"image_id": 1, "bbox": [1345.5941162109375, 425.4552307128906, 102.8260498046875, 42.577484130859375], "category_id": 6, "score": 0.9998342990875244}, {"image_id": 1, "bbox": [1232.6517333984375, 871.7354125976562, 72.684326171875, 231.99786376953125], "category_id": 6, "score": 0.9998177886009216}, {"image_id": 1, "bbox": [1098.7281494140625, 806.261474609375, 27.657470703125, 56.03143310546875], "category_id": 10, "score": 0.9977208971977234}, {"image_id": 1, "bbox": [1092.40869140625, 293.28302001953125, 736.0543212890625, 1035.578857421875], "category_id": 5, "score": 0.973457932472229}, {"image_id": 1, "bbox": [1305.1817626953125, 1679.23974609375, 78.4056396484375, 87.7869873046875], "category_id": 2, "score": 0.9998921155929565}, {"image_id": 1, "bbox": [822.2794799804688, 145.79324340820312, 253.27728271484375, 258.3312072753906], "category_id": 7, "score": 0.9944731593132019}, {"image_id": 1, "bbox": [815.4896240234375, 1302.460205078125, 267.86181640625, 252.56982421875], "category_id": 7, "score": 0.9924716949462891}, {"image_id": 1, "bbox": [1372.478759765625, 739.8074951171875, 194.376708984375, 243.51336669921875], "category_id": 7, "score": 0.9627002477645874}, {"image_id": 1, "bbox": [912.3538818359375, 1485.843017578125, 107.94873046875, 38.5689697265625], "category_id": 8, "score": 0.9705209136009216}, {"image_id": 1, "bbox": [1419.76806640625, 902.8372192382812, 69.95556640625, 50.94873046875], "category_id": 8, "score": 0.9465977549552917}, {"image_id": 1, "bbox": [891.7247924804688, 320.7178039550781, 76.11859130859375, 42.95916748046875], "category_id": 8, "score": 0.6856571435928345}, {"image_id": 1, "bbox": [511.6909484863281, 902.086669921875, 81.51510620117188, 95.64483642578125], "category_id": 2, "score": 0.999961256980896}, {"image_id": 1, "bbox": [816.2776489257812, 1347.564697265625, 266.64141845703125, 256.9940185546875], "category_id": 7, "score": 0.9940496683120728}, {"image_id": 1, "bbox": [830.0640258789062, 195.2832489013672, 254.58428955078125, 254.6232147216797], "category_id": 7, "score": 0.9910163879394531}, {"image_id": 1, "bbox": [1351.8980712890625, 777.654052734375, 237.00537109375, 257.0921630859375], "category_id": 7, "score": 0.9761096239089966}, {"image_id": 1, "bbox": [895.2998046875, 1372.9735107421875, 106.451904296875, 52.2203369140625], "category_id": 8, "score": 0.998054027557373}, {"image_id": 1, "bbox": [923.8798217773438, 217.92369079589844, 92.36517333984375, 49.31639099121094], "category_id": 8, "score": 0.9965106844902039}, {"image_id": 1, "bbox": [1488.3533935546875, 817.09228515625, 57.762451171875, 69.98992919921875], "category_id": 8, "score": 0.9951216578483582}, {"image_id": 1, "bbox": [818.4915771484375, 185.46656799316406, 267.741943359375, 255.16114807128906], "category_id": 7, "score": 0.9923313856124878}, {"image_id": 1, "bbox": [811.358642578125, 1328.1031494140625, 257.375, 267.5706787109375], "category_id": 7, "score": 0.990064799785614}, {"image_id": 1, "bbox": [1346.09716796875, 776.786865234375, 237.242919921875, 250.8424072265625], "category_id": 7, "score": 0.9704848527908325}, {"image_id": 1, "bbox": [841.0354614257812, 1405.6572265625, 67.40936279296875, 126.17333984375], "category_id": 8, "score": 0.9845298528671265}, {"image_id": 1, "bbox": [1497.427978515625, 819.05224609375, 52.494384765625, 142.2115478515625], "category_id": 8, "score": 0.9791982173919678}, {"image_id": 1, "bbox": [861.0562744140625, 239.16807556152344, 42.681640625, 85.81361389160156], "category_id": 8, "score": 0.9680721759796143}, {"image_id": 1, "bbox": [883.5369873046875, 221.0089569091797, 102.5889892578125, 38.79692077636719], "category_id": 8, "score": 0.6179733872413635}, {"image_id": 1, "bbox": [1120.3258056640625, 1665.1297607421875, 106.2139892578125, 96.0450439453125], "category_id": 2, "score": 0.9999241828918457}, {"image_id": 1, "bbox": [825.7138061523438, 181.53952026367188, 261.98040771484375, 254.300537109375], "category_id": 7, "score": 0.9938535690307617}, {"image_id": 1, "bbox": [808.6817626953125, 1324.1339111328125, 265.3631591796875, 264.3709716796875], "category_id": 7, "score": 0.9896230697631836}, {"image_id": 1, "bbox": [1346.86962890625, 778.0182495117188, 238.7479248046875, 249.24566650390625], "category_id": 7, "score": 0.976902961730957}, {"image_id": 1, "bbox": [961.1680297851562, 217.00015258789062, 86.72088623046875, 78.48904418945312], "category_id": 8, "score": 0.9977712631225586}, {"image_id": 1, "bbox": [887.7337646484375, 1513.824462890625, 102.247314453125, 48.4986572265625], "category_id": 8, "score": 0.9962298274040222}, {"image_id": 1, "bbox": [1440.8358154296875, 934.5468139648438, 77.2801513671875, 49.103759765625], "category_id": 8, "score": 0.9874457120895386}, {"image_id": 1, "bbox": [1287.643310546875, 964.2975463867188, 56.409912109375, 35.4066162109375], "category_id": 10, "score": 0.998673677444458}, {"image_id": 1, "bbox": [822.4439086914062, 1337.8616943359375, 260.90106201171875, 259.6346435546875], "category_id": 7, "score": 0.994633674621582}, {"image_id": 1, "bbox": [834.6510009765625, 185.72596740722656, 253.786376953125, 255.41810607910156], "category_id": 7, "score": 0.9910652041435242}, {"image_id": 1, "bbox": [1357.2119140625, 777.9622192382812, 231.7354736328125, 249.63311767578125], "category_id": 7, "score": 0.9487566351890564}, {"image_id": 1, "bbox": [961.3668823242188, 217.29884338378906, 76.42816162109375, 57.22966003417969], "category_id": 8, "score": 0.9951338171958923}, {"image_id": 1, "bbox": [1471.1624755859375, 805.1483764648438, 71.6478271484375, 53.89837646484375], "category_id": 8, "score": 0.9863587021827698}, {"image_id": 1, "bbox": [807.5748291015625, 1335.71484375, 250.943115234375, 254.5745849609375], "category_id": 7, "score": 0.996096670627594}, {"image_id": 1, "bbox": [823.6741333007812, 179.3804168701172, 247.06072998046875, 254.77064514160156], "category_id": 7, "score": 0.992660641670227}, {"image_id": 1, "bbox": [1337.12548828125, 767.6317749023438, 231.70263671875, 255.28460693359375], "category_id": 7, "score": 0.9169164299964905}, {"image_id": 1, "bbox": [974.383056640625, 230.36798095703125, 62.089111328125, 106.39385986328125], "category_id": 8, "score": 0.9964949488639832}, {"image_id": 1, "bbox": [834.7498168945312, 1463.63916015625, 55.45281982421875, 73.2989501953125], "category_id": 8, "score": 0.9936460256576538}, {"image_id": 1, "bbox": [1463.9547119140625, 799.44677734375, 68.041259765625, 53.097900390625], "category_id": 8, "score": 0.9825893640518188}, {"image_id": 1, "bbox": [867.1395263671875, 640.1295776367188, 734.867431640625, 750.2792358398438], "category_id": 1, "score": 0.666810929775238}, {"image_id": 1, "bbox": [852.5736694335938, 651.7890014648438, 796.7081909179688, 753.3245239257812], "category_id": 3, "score": 0.5289760231971741}, {"image_id": 1, "bbox": [799.264892578125, 1306.9764404296875, 247.7335205078125, 253.5660400390625], "category_id": 7, "score": 0.9981132745742798}, {"image_id": 1, "bbox": [1329.7733154296875, 747.0870361328125, 245.5479736328125, 253.5850830078125], "category_id": 7, "score": 0.9854072332382202}, {"image_id": 1, "bbox": [830.1797485351562, 156.20175170898438, 219.42303466796875, 256.0838623046875], "category_id": 7, "score": 0.985068142414093}, {"image_id": 1, "bbox": [1379.7222900390625, 782.9379272460938, 71.2738037109375, 55.621337890625], "category_id": 8, "score": 0.9954259991645813}, {"image_id": 1, "bbox": [961.2218017578125, 196.5951385498047, 52.35186767578125, 80.29170227050781], "category_id": 8, "score": 0.6208551526069641}, {"image_id": 1, "bbox": [855.1134643554688, 1344.653564453125, 74.73394775390625, 47.9669189453125], "category_id": 8, "score": 0.524410605430603}, {"image_id": 1, "bbox": [790.7859497070312, 635.6661987304688, 755.7138061523438, 752.3386840820312], "category_id": 1, "score": 0.6726280450820923}, {"image_id": 1, "bbox": [1098.378173828125, 328.6905822753906, 707.955810546875, 1040.5880126953125], "category_id": 4, "score": 0.9998654127120972}, {"image_id": 1, "bbox": [1247.81396484375, 927.089599609375, 155.646240234375, 205.049560546875], "category_id": 6, "score": 0.9981350898742676}, {"image_id": 1, "bbox": [895.8136596679688, 1681.3690185546875, 139.73187255859375, 97.6295166015625], "category_id": 2, "score": 0.9999337196350098}, {"image_id": 1, "bbox": [1189.6431884765625, 970.0042724609375, 47.181640625, 31.91937255859375], "category_id": 10, "score": 0.9985718727111816}, {"image_id": 1, "bbox": [1199.0220947265625, 682.9361572265625, 62.85498046875, 32.02947998046875], "category_id": 10, "score": 0.9992647767066956}, {"image_id": 1, "bbox": [1114.602294921875, 323.6490173339844, 721.7939453125, 1021.8255615234375], "category_id": 4, "score": 0.9999068975448608}, {"image_id": 1, "bbox": [1149.51904296875, 839.8489990234375, 35.981201171875, 134.87811279296875], "category_id": 6, "score": 0.9999446868896484}, {"image_id": 1, "bbox": [1531.525146484375, 856.7257080078125, 47.5574951171875, 166.37066650390625], "category_id": 6, "score": 0.9998522996902466}, {"image_id": 1, "bbox": [1057.941650390625, 179.04281616210938, 139.6571044921875, 82.5767822265625], "category_id": 2, "score": 0.9999209642410278}, {"image_id": 1, "bbox": [813.7796020507812, 1335.8538818359375, 246.52667236328125, 264.8206787109375], "category_id": 7, "score": 0.995360791683197}, {"image_id": 1, "bbox": [1340.05712890625, 777.7992553710938, 250.7706298828125, 260.74615478515625], "category_id": 7, "score": 0.9921168684959412}, {"image_id": 1, "bbox": [826.1353149414062, 190.04931640625, 253.60894775390625, 257.0328674316406], "category_id": 7, "score": 0.9867737293243408}, {"image_id": 1, "bbox": [952.3881225585938, 337.80078125, 77.72821044921875, 65.23193359375], "category_id": 8, "score": 0.9973567724227905}, {"image_id": 1, "bbox": [979.7550048828125, 1459.2410888671875, 51.643798828125, 77.163330078125], "category_id": 8, "score": 0.9864224791526794}, {"image_id": 1, "bbox": [1373.833740234375, 848.2819213867188, 39.681884765625, 62.779541015625], "category_id": 8, "score": 0.9837802052497864}, {"image_id": 1, "bbox": [852.5218505859375, 663.173583984375, 754.673828125, 755.16015625], "category_id": 1, "score": 0.6650192737579346}, {"image_id": 1, "bbox": [1214.613525390625, 1710.2830810546875, 109.4722900390625, 84.7030029296875], "category_id": 2, "score": 0.9999415874481201}, {"image_id": 1, "bbox": [1101.278564453125, 276.3329162597656, 739.1683349609375, 1043.97119140625], "category_id": 4, "score": 0.9911581873893738}, {"image_id": 1, "bbox": [1236.5238037109375, 381.7114562988281, 101.1162109375, 57.63043212890625], "category_id": 6, "score": 0.999504566192627}, {"image_id": 1, "bbox": [1261.9151611328125, 924.0811767578125, 58.2381591796875, 30.03997802734375], "category_id": 10, "score": 0.9953681230545044}, {"image_id": 1, "bbox": [1132.7454833984375, 185.54916381835938, 153.0755615234375, 117.82650756835938], "category_id": 2, "score": 0.9999517202377319}, {"image_id": 1, "bbox": [1093.8328857421875, 317.49468994140625, 711.64501953125, 1048.6044921875], "category_id": 4, "score": 0.9998289346694946}, {"image_id": 1, "bbox": [1542.2452392578125, 908.7645874023438, 123.9876708984375, 104.8189697265625], "category_id": 6, "score": 0.9995854496955872}, {"image_id": 1, "bbox": [1383.45361328125, 165.44888305664062, 151.140380859375, 134.63168334960938], "category_id": 2, "score": 0.9999680519104004}, {"image_id": 1, "bbox": [791.1163940429688, 663.4140014648438, 778.5010375976562, 765.6495971679688], "category_id": 1, "score": 0.7208965420722961}, {"image_id": 1, "bbox": [1449.6807861328125, 1173.0513916015625, 95.0120849609375, 75.8304443359375], "category_id": 2, "score": 0.9999144077301025}, {"image_id": 1, "bbox": [1136.83837890625, 164.16659545898438, 151.9466552734375, 96.98834228515625], "category_id": 2, "score": 0.9999654293060303}, {"image_id": 1, "bbox": [1406.1370849609375, 649.4715576171875, 64.4515380859375, 41.13385009765625], "category_id": 10, "score": 0.999131977558136}, {"image_id": 1, "bbox": [1156.3743896484375, 154.03248596191406, 88.2596435546875, 60.80522155761719], "category_id": 2, "score": 0.9992520213127136}, {"image_id": 1, "bbox": [1292.3251953125, 658.06591796875, 37.3238525390625, 44.852783203125], "category_id": 10, "score": 0.9908164739608765}, {"image_id": 1, "bbox": [813.5732421875, 1338.9814453125, 262.2335205078125, 255.0235595703125], "category_id": 7, "score": 0.9929509162902832}, {"image_id": 1, "bbox": [1357.143798828125, 781.0806884765625, 234.5714111328125, 242.185791015625], "category_id": 7, "score": 0.9883062243461609}, {"image_id": 1, "bbox": [822.552734375, 192.08184814453125, 270.4908447265625, 250.967529296875], "category_id": 7, "score": 0.9857057332992554}, {"image_id": 1, "bbox": [943.6939697265625, 217.9873504638672, 102.69775390625, 64.86244201660156], "category_id": 8, "score": 0.9965099692344666}, {"image_id": 1, "bbox": [1516.8428955078125, 878.3689575195312, 37.6527099609375, 77.24359130859375], "category_id": 8, "score": 0.9824659824371338}, {"image_id": 1, "bbox": [836.8157958984375, 1396.6241455078125, 52.00372314453125, 75.8341064453125], "category_id": 8, "score": 0.9779489040374756}, {"image_id": 1, "bbox": [867.5891723632812, 1354.7261962890625, 57.99169921875, 64.2491455078125], "category_id": 8, "score": 0.6473416090011597}, {"image_id": 1, "bbox": [862.8743896484375, 630.838134765625, 778.4754638671875, 760.8358154296875], "category_id": 1, "score": 0.6909279227256775}, {"image_id": 1, "bbox": [865.2208251953125, 1057.5079345703125, 51.885009765625, 69.93017578125], "category_id": 2, "score": 0.9995285272598267}, {"image_id": 1, "bbox": [1432.3126220703125, 1298.01953125, 55.703125, 37.48681640625], "category_id": 2, "score": 0.9929021000862122}, {"image_id": 1, "bbox": [767.103759765625, 644.771240234375, 763.20068359375, 752.662109375], "category_id": 1, "score": 0.6834143400192261}, {"image_id": 1, "bbox": [1298.288330078125, 655.405517578125, 107.906494140625, 118.09368896484375], "category_id": 2, "score": 0.9999649524688721}, {"image_id": 1, "bbox": [821.450439453125, 1297.9842529296875, 258.44482421875, 263.213134765625], "category_id": 7, "score": 0.9974307417869568}, {"image_id": 1, "bbox": [822.1119995117188, 148.0832977294922, 248.00311279296875, 256.447509765625], "category_id": 7, "score": 0.9856695532798767}, {"image_id": 1, "bbox": [1341.3221435546875, 740.6173095703125, 246.8980712890625, 254.1812744140625], "category_id": 7, "score": 0.9770758152008057}, {"image_id": 1, "bbox": [1495.17138671875, 787.9386596679688, 57.259765625, 60.7535400390625], "category_id": 8, "score": 0.9941249489784241}, {"image_id": 1, "bbox": [890.826904296875, 178.19570922851562, 141.94189453125, 70.52992248535156], "category_id": 8, "score": 0.987246036529541}, {"image_id": 1, "bbox": [872.3987426757812, 1459.441162109375, 92.78741455078125, 64.6202392578125], "category_id": 8, "score": 0.9799515604972839}, {"image_id": 1, "bbox": [794.6867065429688, 1314.4635009765625, 255.50103759765625, 258.86181640625], "category_id": 7, "score": 0.9962834715843201}, {"image_id": 1, "bbox": [822.4343872070312, 164.44058227539062, 245.84857177734375, 253.00244140625], "category_id": 7, "score": 0.9901076555252075}, {"image_id": 1, "bbox": [1327.17041015625, 766.3444213867188, 245.5518798828125, 252.941650390625], "category_id": 7, "score": 0.9774367809295654}, {"image_id": 1, "bbox": [1463.7314453125, 796.3982543945312, 62.41357421875, 60.05487060546875], "category_id": 8, "score": 0.9976200461387634}, {"image_id": 1, "bbox": [958.3482666015625, 187.5178985595703, 60.13079833984375, 61.96974182128906], "category_id": 8, "score": 0.9943879246711731}, {"image_id": 1, "bbox": [976.0816650390625, 1414.31591796875, 50.642333984375, 78.7056884765625], "category_id": 8, "score": 0.8356282711029053}, {"image_id": 1, "bbox": [790.5216674804688, 1318.96337890625, 272.56085205078125, 252.93994140625], "category_id": 7, "score": 0.995951771736145}, {"image_id": 1, "bbox": [813.3294677734375, 159.57498168945312, 255.1204833984375, 251.69229125976562], "category_id": 7, "score": 0.9902703762054443}, {"image_id": 1, "bbox": [1325.15087890625, 756.1002197265625, 252.8482666015625, 254.50189208984375], "category_id": 7, "score": 0.9472707509994507}, {"image_id": 1, "bbox": [936.744384765625, 190.98487854003906, 77.52520751953125, 58.78739929199219], "category_id": 8, "score": 0.9961277842521667}, {"image_id": 1, "bbox": [852.912109375, 1342.619873046875, 122.799560546875, 53.5113525390625], "category_id": 8, "score": 0.9945874214172363}, {"image_id": 1, "bbox": [1414.0577392578125, 784.4618530273438, 113.9215087890625, 87.3665771484375], "category_id": 8, "score": 0.9845162630081177}, {"image_id": 1, "bbox": [1038.7232666015625, 834.267333984375, 25.4407958984375, 26.49932861328125], "category_id": 10, "score": 0.9738804697990417}, {"image_id": 1, "bbox": [1278.3248291015625, 672.3463745117188, 53.53369140625, 33.97100830078125], "category_id": 10, "score": 0.9993124008178711}, {"image_id": 1, "bbox": [1630.6114501953125, 280.6514587402344, 67.3828125, 111.13604736328125], "category_id": 2, "score": 0.9997919201850891}, {"image_id": 1, "bbox": [810.666259765625, 1330.7431640625, 250.794189453125, 264.92333984375], "category_id": 7, "score": 0.9980883002281189}, {"image_id": 1, "bbox": [818.9152221679688, 180.7012939453125, 265.45355224609375, 254.40023803710938], "category_id": 7, "score": 0.9934595823287964}, {"image_id": 1, "bbox": [1339.666015625, 774.4464721679688, 241.85888671875, 254.81890869140625], "category_id": 7, "score": 0.9608537554740906}, {"image_id": 1, "bbox": [950.3513793945312, 214.03758239746094, 83.18353271484375, 65.56901550292969], "category_id": 8, "score": 0.9968481659889221}, {"image_id": 1, "bbox": [1465.4896240234375, 814.7564697265625, 70.7841796875, 74.1456298828125], "category_id": 8, "score": 0.9922593235969543}, {"image_id": 1, "bbox": [936.8805541992188, 583.6416625976562, 770.7970581054688, 763.7135620117188], "category_id": 1, "score": 0.6939239501953125}, {"image_id": 1, "bbox": [964.662109375, 1080.9000244140625, 92.8682861328125, 80.3310546875], "category_id": 2, "score": 0.9999262094497681}, {"image_id": 1, "bbox": [1111.0247802734375, 310.9735107421875, 720.247802734375, 1017.9915771484375], "category_id": 4, "score": 0.9994465708732605}, {"image_id": 1, "bbox": [1123.91943359375, 976.2214965820312, 116.4747314453125, 104.42974853515625], "category_id": 6, "score": 0.9995927214622498}, {"image_id": 1, "bbox": [1281.5733642578125, 626.5477294921875, 59.44873046875, 34.77642822265625], "category_id": 10, "score": 0.9991090893745422}, {"image_id": 1, "bbox": [1688.222412109375, 1362.962158203125, 93.83349609375, 97.1810302734375], "category_id": 2, "score": 0.999915361404419}, {"image_id": 1, "bbox": [1086.4351806640625, 337.859375, 723.26904296875, 1026.39404296875], "category_id": 4, "score": 0.9998080134391785}, {"image_id": 1, "bbox": [1626.585205078125, 830.9801025390625, 72.8663330078125, 256.3760986328125], "category_id": 6, "score": 0.9999343156814575}, {"image_id": 1, "bbox": [1228.4521484375, 791.4674072265625, 66.6968994140625, 284.51025390625], "category_id": 6, "score": 0.9996752738952637}, {"image_id": 1, "bbox": [1682.5174560546875, 1045.6546630859375, 63.9691162109375, 74.7166748046875], "category_id": 6, "score": 0.9987071752548218}, {"image_id": 1, "bbox": [856.1273193359375, 603.520751953125, 762.1185302734375, 778.31787109375], "category_id": 1, "score": 0.6993273496627808}, {"image_id": 1, "bbox": [1432.1204833984375, 1190.1197509765625, 101.9539794921875, 90.5443115234375], "category_id": 2, "score": 0.9999018907546997}, {"image_id": 1, "bbox": [806.3905639648438, 179.17279052734375, 268.52606201171875, 263.6150207519531], "category_id": 7, "score": 0.9901887774467468}, {"image_id": 1, "bbox": [796.0142822265625, 1332.440673828125, 261.674560546875, 248.3668212890625], "category_id": 7, "score": 0.9866085052490234}, {"image_id": 1, "bbox": [1332.9449462890625, 772.138427734375, 239.0474853515625, 249.037841796875], "category_id": 7, "score": 0.9741496443748474}, {"image_id": 1, "bbox": [1475.1312255859375, 816.9552001953125, 62.35400390625, 86.2034912109375], "category_id": 8, "score": 0.9961131811141968}, {"image_id": 1, "bbox": [975.2322387695312, 226.8909912109375, 65.84918212890625, 111.51568603515625], "category_id": 8, "score": 0.9944204688072205}, {"image_id": 1, "bbox": [837.152099609375, 1488.12255859375, 173.26458740234375, 60.8597412109375], "category_id": 8, "score": 0.9900982975959778}, {"image_id": 1, "bbox": [908.7265014648438, 613.1434936523438, 744.5618286132812, 760.7954711914062], "category_id": 1, "score": 0.6672443151473999}, {"image_id": 1, "bbox": [1363.376220703125, 132.74224853515625, 106.9010009765625, 145.15570068359375], "category_id": 2, "score": 0.9997232556343079}, {"image_id": 1, "bbox": [867.098876953125, 602.201904296875, 762.0748291015625, 772.990478515625], "category_id": 1, "score": 0.7005788683891296}, {"image_id": 1, "bbox": [1499.5361328125, 727.2147216796875, 85.1737060546875, 88.40386962890625], "category_id": 2, "score": 0.9998574256896973}, {"image_id": 1, "bbox": [1251.45751953125, 663.1080932617188, 47.2447509765625, 30.103515625], "category_id": 10, "score": 0.9945248365402222}, {"image_id": 1, "bbox": [1288.4193115234375, 1598.5865478515625, 93.213134765625, 81.38427734375], "category_id": 2, "score": 0.9999088048934937}, {"image_id": 1, "bbox": [1087.259521484375, 358.34881591796875, 732.68798828125, 1000.0370483398438], "category_id": 4, "score": 0.9997530579566956}, {"image_id": 1, "bbox": [1305.593017578125, 864.8056640625, 69.263427734375, 251.2974853515625], "category_id": 6, "score": 0.9996079802513123}, {"image_id": 1, "bbox": [1591.0673828125, 254.9951934814453, 139.92236328125, 138.22105407714844], "category_id": 2, "score": 0.9999772310256958}]}